Lote,Semana,Temperatura,Peso_inicio,Peso_fin,Peces,Peso_total,Alimento_semanal,Alimento_acumulado,Precio_alimento,Coste_semanal,Coste_acumulado,Precio_venta,Ingreso_potencial,FeedRate_%,GrowthRate_%,DeathRate_%
1,1,14.04,30.0,30.507643350086674,7089.579500497254,216286.36290325585,11928.0,11928.0,1.11,13.240080000000003,13.240080000000003,0.0,0.0,0.8,0.24,0.02098
1,2,14.63,30.507643350086674,31.023876759202924,7079.174294911393,219623.43088224833,12112.03632258233,24040.03632258233,1.11,13.444360318066385,26.684440318066386,0.0,0.0,0.8,0.24,0.02098
1,3,14.21,31.023876759202924,31.548845583560187,7068.784360795904,223011.98626223518,12298.912129405906,36338.94845198824,1.11,13.651792463640557,40.33623278170694,0.0,0.0,0.8,0.24,0.02098
1,4,13.79,31.548845583560187,32.082697639007044,7058.4096757372145,226452.8234389188,12488.67123068517,48827.61968267341,1.11,13.862425066060538,54.19865784776748,0.0,0.0,0.8,0.24,0.02098
1,5,13.589999999999998,32.082697639007044,32.625583242649824,7048.050217354651,229946.74906468036,12681.358112579454,61508.97779525286,1.11,14.076307504963193,68.27496535273067,0.0,0.0,0.8,0.24,0.02098
1,6,13.0825,32.625583242649824,33.177655255177505,7037.705963300387,233494.58223768717,12877.0179476221,74385.99574287496,1.11,14.293489921860532,82.5684552745912,0.0,0.0,0.8,0.24,0.02098
1,7,12.575,33.177655255177505,33.363896627312556,7026.860778936188,234443.45664294396,8172.310378319051,82558.30612119401,1.11,9.071264519934147,91.63971979452535,0.0,0.0,0.5,0.08,0.022029
1,8,12.8375,33.363896627312556,33.55118345755572,7016.032307123564,235396.18708044064,8205.52098250304,90763.82710369705,1.11,9.108128290578374,100.74784808510373,0.0,0.0,0.5,0.08,0.022029
1,9,13.1,33.55118345755572,34.1189179632146,7005.735044987278,239028.0992719385,13182.186476504676,103946.01358020173,1.11,14.632226988920191,115.38007507402392,0.0,0.0,0.8,0.24,0.02098
1,10,13.09,34.1189179632146,34.69625935708722,6995.452895895354,242716.04799627207,13385.573559228556,117331.58713943028,1.11,14.857986650743698,130.23806172476762,0.0,0.0,0.8,0.24,0.02098
1,11,13.08,34.69625935708722,35.28337020160415,6985.18583766674,246460.89783739796,13592.098687791238,130923.68582722152,1.11,15.087229543448277,145.3252912682159,0.0,0.0,0.8,0.24,0.02098
1,12,13.07,35.28337020160415,35.88041580998717,6974.933848152938,250263.5267188813,13801.810278894287,144725.4961061158,1.11,15.320009409572659,160.64530067778855,0.0,0.0,0.8,0.24,0.02098
1,13,13.06,35.88041580998717,36.48756429279666,6964.696905237956,254124.82610971187,14014.757496257354,158740.25360237315,1.11,15.556380820845664,176.20168149863423,0.0,0.0,0.8,0.24,0.02098
1,14,13.05,36.48756429279666,37.1049866052666,6954.474986838265,258045.70123329546,14230.990262143865,172971.24386451702,1.11,15.79639919097969,191.99808068961391,0.0,0.0,0.8,0.24,0.02098
1,15,12.65,37.1049866052666,37.313273886729604,6943.7580623486965,259094.34638360378,9031.599543165343,182002.84340768238,1.11,10.02507549291353,202.02315618252743,0.0,0.0,0.5,0.08,0.022029
1,16,12.82,37.313273886729604,37.522730380085356,6933.057652760789,260147.25301413052,9068.302123426132,191071.14553110852,1.11,10.065815357003007,212.08897153953043,0.0,0.0,0.5,0.08,0.022029
1,17,15.045,37.522730380085356,39.565034114050746,6923.366452260032,273923.22986774263,27315.461566483707,218386.60709759223,1.11,30.32016233879692,242.40913387832734,0.0,0.0,1.5,0.76,0.0199809
1,18,15.5825,39.565034114050746,41.718497257246725,6913.688798360479,288428.70717185905,28761.939136112975,247148.54623370522,1.11,31.925752441085404,274.33488631941276,0.0,0.0,1.5,0.76,0.0199809
1,19,16.12,41.718497257246725,43.98917004307148,6904.024672126354,303702.315283727,30285.0142530452,277433.56048675044,1.11,33.616365820880176,307.9512521402929,0.0,0.0,1.5,0.76,0.0199809
2,20,16.0,30.0,31.632853243842813,7090.075443332283,224279.31598670388,22365.0,22365.0,1.11,24.82515,24.82515,0.0,0.0,1.5,0.76,0.0199809
2,21,16.35,31.632853243842813,33.35458014488323,7080.164759456826,236155.9229082806,23549.328178603904,45914.3281786039,1.11,26.139754278250336,50.96490427825034,0.0,0.0,1.5,0.76,0.0199809
2,22,19.68,33.35458014488323,36.71313628742399,7071.187525050794,259605.47132112214,31408.73774680132,77323.06592540522,1.11,34.863698898949465,85.8286031771998,0.0,0.0,1.9,1.38,0.0181233
2,23,21.49,36.71313628742399,41.11260214903802,7062.648390446512,290363.8533949712,36344.76598495711,113667.83191036232,1.11,40.34269024330239,126.1712934205022,0.0,0.0,2.0,1.63,0.0172603
2,24,22.401666666666667,41.11260214903802,46.03927167192403,7054.119567663199,324766.52718188125,40650.93947529597,154318.7713856583,1.11,45.122542817578534,171.29383623808073,0.0,0.0,2.0,1.63,0.0172603
2,25,23.313333333333333,46.03927167192403,52.306682851384394,7046.026753507606,368554.286758092,50014.045186009724,204332.81657166802,1.11,55.5155901564708,226.80942639455154,0.0,0.0,2.2,1.84,0.0163973
2,26,24.225,52.306682851384394,58.292948731019386,7037.943223804925,410262.46351708577,49017.72013882623,253350.53671049426,1.11,54.409669354097126,281.21909574864867,0.0,0.0,1.9,1.56,0.0163973
2,27,26.49,58.292948731019386,66.96027473233626,7030.655889496009,470774.6499091707,77539.60560472922,330890.14231522346,1.11,86.06896222124944,367.2880579698981,0.0,0.0,2.7,2.0,0.0147985
2,28,26.046666666666667,66.96027473233626,74.93273094638674,7023.376100749715,526280.7516927612,79090.14118474069,409980.28349996416,1.11,87.79005671506216,455.07811468496027,0.0,0.0,2.4,1.62,0.0147985
2,29,25.42,74.93273094638674,82.93456417295702,7015.721263045806,581845.7853096515,73679.30523698658,483659.58873695077,1.11,81.78402881305512,536.8621434980154,0.0,0.0,2.0,1.46,0.0155774
2,30,25.79,82.93456417295702,90.84515583461406,7008.074768415006,636649.644437288,77385.48944618365,561045.0781831344,1.11,85.89789328526386,622.7600367832792,0.0,0.0,1.9,1.31,0.0155774
2,31,27.17333333333333,90.84515583461406,97.8040483223116,7001.181016059508,684743.8464079348,75761.30768803728,636806.3858711717,1.11,84.09505153372139,706.8550883170007,0.0,0.0,1.7,1.06,0.0140586
2,32,28.7625,97.8040483223116,99.87651100481273,6994.6382408959025,698600.0632415236,23966.03462427772,660772.4204954494,1.11,26.60229843294827,733.4573867499489,0.0,0.0,0.5,0.3,0.0133557
2,33,28.19,99.87651100481273,101.99288906345662,6988.101580115962,712736.6692249331,24451.002213453325,685223.4227089027,1.11,27.140612456933194,760.5979992068822,0.0,0.0,0.5,0.3,0.0133557
2,34,26.05,101.99288906345662,111.25899100239553,6980.865853600476,776684.0911946655,104772.2903760652,789995.7130849679,1.11,116.29724231743238,876.8952415243145,0.0,0.0,2.1,1.25,0.0147985
2,35,26.4675,111.25899100239553,121.36692266035915,6973.637619211086,846368.937592163,114172.56140561587,904168.2744905838,1.11,126.73154316023363,1003.6267846845482,0.0,0.0,2.1,1.25,0.0147985
2,36,26.20875,121.36692266035915,132.3931646632356,6966.41686919018,922305.9756754377,124416.23382604797,1028584.5083166318,1.11,138.10201954691325,1141.7288042314615,0.0,0.0,2.1,1.25,0.0147985
2,37,25.95,132.3931646632356,143.12812764808845,6958.824111840088,996003.4657600439,116210.55293510515,1144795.061251737,1.11,128.99371375796673,1270.7225179894283,0.0,0.0,1.8,1.12,0.0155774
2,38,26.12,143.12812764808845,156.13138535845204,6951.618700246485,1085365.8581532054,146412.50946672648,1291207.5707184635,1.11,162.5178855080664,1433.2404034974948,0.0,0.0,2.1,1.25,0.0147985
2,39,25.9775,156.13138535845204,166.46805532715445,6944.40271207998,1156021.2148885715,129158.53712023146,1420366.107838695,1.11,143.3659762034569,1576.6063797009517,0.0,0.0,1.7,0.92,0.0148356
2,40,24.366666666666664,166.46805532715445,176.01700657910385,6936.815007663125,1220997.4128418665,113290.07905908,1533656.186897775,1.11,125.75198775557881,1702.3583674565305,0.0,0.0,1.4,0.8,0.0156164
2,41,22.646666666666665,176.01700657910385,184.95360583617645,6928.836833190705,1281513.3565491347,111110.76456860987,1644766.9514663848,1.11,123.33294867115696,1825.6913161276875,0.0,0.0,1.3,0.71,0.0164384
2,42,23.79,184.95360583617645,195.56292642042322,6921.266136613529,1353543.0602107185,125588.3089418152,1770355.2604082,1.11,139.4030229254149,1965.0943390531024,0.0,0.0,1.4,0.8,0.0156164
2,43,22.39333333333333,195.56292642042322,205.49189599515734,6913.30584521943,1420628.3257285445,123172.4184791754,1893527.6788873754,1.11,136.7213845118847,2101.815723564987,0.0,0.0,1.3,0.71,0.0164384
2,44,20.8,205.49189599515734,213.38646333179491,6904.957367829493,1473424.4321779553,119332.77936119774,2012860.4582485731,1.11,132.4593850909295,2234.2751086559165,0.0,0.0,1.2,0.54,0.0172603
2,45,18.68,213.38646333179491,219.43346205898,6896.202286138509,1513257.5427064258,103139.71025245688,2116000.16850103,1.11,114.48507838022715,2348.7601870361436,0.0,0.0,1.0,0.4,0.0181233
2,46,18.380000000000003,219.43346205898,225.6518221416871,6887.458305378544,1554167.5165335648,105928.02798944982,2221928.19649048,1.11,117.58011106828931,2466.340298104433,0.0,0.0,1.0,0.4,0.0181233
2,47,17.9525,225.6518221416871,232.04639966067475,6878.725411474264,1596183.4659869964,108791.72615734955,2330719.9226478296,1.11,120.75881603465801,2587.099114139091,0.0,0.0,1.0,0.4,0.0181233
2,48,17.525,232.04639966067475,238.6221883095272,6870.003590368186,1639335.2904279653,111732.84261908974,2442452.7652669195,1.11,124.02345530718962,2711.1225694462805,0.0,0.0,1.0,0.4,0.0181233
2,49,17.169999999999998,238.6221883095272,245.38432329436074,6861.2928280206515,1683653.6975282982,114753.47032995758,2557206.235596877,1.11,127.37635206625292,2838.4989215125333,0.0,0.0,1.0,0.4,0.0181233
2,50,16.814999999999998,245.38432329436074,250.5840043057483,6852.158356045969,1717041.2789950923,106070.18294428279,2663276.41854116,1.11,117.73790306815391,2956.2368245806874,0.0,0.0,0.9,0.3,0.0190295
2,51,16.356666666666666,250.5840043057483,255.35857698777235,6843.036044837538,1747427.9466857475,96154.31162372518,2759430.730164885,1.11,106.73128590233496,3062.9681104830224,0.0,0.0,0.8,0.27,0.0190295
2,52,15.830000000000002,255.35857698777235,260.22412333094087,6833.92587820567,1778352.3705647008,97855.96501440187,2857286.695179287,1.11,108.62012116598608,3171.5882316490083,0.0,0.0,0.8,0.27,0.0190295
2,53,15.15,260.22412333094087,265.1823767274489,6824.827839982234,1809824.0673621502,99587.73275162325,2956874.42793091,1.11,110.54238335430182,3282.13061500331,0.0,0.0,0.8,0.27,0.0190295
2,54,14.965,265.1823767274489,266.8575432252809,6815.287925806837,1818710.9922537329,63343.84235767527,3020218.270288585,1.11,70.31166501701956,3352.4422800203297,0.0,0.0,0.5,0.09,0.0199809
2,55,14.744,266.8575432252809,268.54329180941176,6805.761346760854,1827641.5553284152,63654.884728880665,3083873.155017466,1.11,70.65692204905754,3423.099202069387,0.0,0.0,0.5,0.09,0.0199809
2,56,14.14,268.54329180941176,270.23968932725666,6796.24808420411,1836615.9708662818,63967.45443649455,3147840.6094539603,1.11,71.00387442450895,3494.103076493896,0.0,0.0,0.5,0.09,0.0199809
2,57,13.575,270.23968932725666,271.9468030485083,6786.748119522483,1845634.4541996147,64281.55898031987,3212122.16843428,1.11,71.35253046815507,3565.455606962051,0.0,0.0,0.5,0.09,0.0199809
2,58,13.3,271.9468030485083,273.6647006678044,6777.261434127874,1854697.2217180596,64597.20589698652,3276719.3743312666,1.11,71.70289854565505,3637.158505507706,0.0,0.0,0.5,0.09,0.0199809
2,59,13.405,273.6647006678044,275.39345030741225,6767.788009458165,1863804.4908738176,64914.40276013209,3341633.777091399,1.11,72.05498706374662,3709.2134925714527,0.0,0.0,0.5,0.09,0.0199809
2,60,13.113333333333337,275.39345030741225,277.1331205199298,6758.3278269771845,1872956.480186863,65233.15718058362,3406866.9342719824,1.11,72.40880447044782,3781.6222970419003,0.0,0.0,0.5,0.09,0.0199809
2,61,13.066666666666668,277.1331205199298,278.88378029100414,6748.880868174671,1882153.4092501863,65553.47680654022,3472420.4110785224,1.11,72.76435925525965,3854.38665629716,0.0,0.0,0.5,0.09,0.0199809
2,62,13.297999999999998,278.88378029100414,280.6454990420673,6739.447114566239,1891395.4987350625,65875.36932375653,3538295.780402279,1.11,73.12165994936976,3927.5083162465294,0.0,0.0,0.5,0.09,0.0199809
2,63,13.81,280.6454990420673,282.4183466330888,6730.026547693338,1900682.970396347,66198.8424557272,3604494.622858006,1.11,73.48071512585719,4000.9890313723868,0.0,0.0,0.5,0.09,0.0199809
2,64,13.83,282.4183466330888,284.2023933653462,6720.619149123222,1910016.0470777964,66523.90396387214,3671018.5268218783,1.11,73.84153339989808,4074.830564772285,0.0,0.0,0.5,0.09,0.0199809
2,65,14.096666666666666,284.2023933653462,285.9977099842127,6711.2249004489095,1919394.952717414,66850.56164772288,3737869.0884696012,1.11,74.2041234289724,4149.034688201257,0.0,0.0,0.5,0.09,0.0199809
2,66,14.0825,285.9977099842127,287.80436768196245,6701.843783289149,1928819.9123528244,67178.8233451095,3805047.9118147106,1.11,74.56849391307156,4223.603182114329,0.0,0.0,0.5,0.09,0.0199809
2,67,14.046666666666669,287.80436768196245,289.62243810059385,6692.475779288382,1938291.1521266731,67508.69693234886,3872556.6087470595,1.11,74.93465359490723,4298.537835709236,0.0,0.0,0.5,0.09,0.0199809
2,68,14.3575,289.62243810059385,291.4519933346703,6683.12087011671,1947808.8992920513,67840.19032443356,3940396.799071493,1.11,75.30261126012125,4373.840446969357,0.0,0.0,0.5,0.09,0.0199809
2,69,14.85875,291.4519933346703,293.2931059341791,6673.779037469854,1957373.3822179497,68173.3114752218,4008570.110546715,1.11,75.6723757374962,4449.5128227068535,0.0,0.0,0.5,0.09,0.0199809
2,70,15.36,293.2931059341791,298.881448475432,6664.894203501826,1992013.2334781366,109612.90940420517,4118183.0199509203,1.11,121.67032943866775,4571.1831521455215,0.0,0.0,0.8,0.27,0.0190295
2,71,15.3875,298.881448475432,304.5762700703228,6656.021197955775,2027266.1099823716,111552.74107477565,4229735.761025696,1.11,123.82354259300098,4695.006694738522,4.28578,8688.416548840249,0.8,0.27,0.0190295
2,72,16.305,304.5762700703228,309.513913397306,6647.160005084467,2057388.50615175,113526.9021590128,4343262.663184709,1.11,126.01486139650422,4821.021556135026,4.24506,8733.737651924546,0.8,0.23,0.0190295
2,73,16.3775,309.513913397306,314.5316034121644,6638.310609161631,2087958.4798475895,115213.756344498,4458476.419529207,1.11,127.8872695423928,4948.9088256774185,4.20434,8778.487355162415,0.8,0.23,0.0190295
2,74,17.009999999999998,314.5316034121644,321.4207438050389,6629.8936199497775,2130985.338672539,131541.38423039814,4590017.803759606,1.11,146.01093649574196,5094.91976217316,4.23488,9024.467191037565,0.9,0.31,0.0181233
2,75,18.372,321.4207438050389,328.4607760473743,6621.487302987471,2174898.8581271,134252.07633637,4724269.8800959755,1.11,149.0198047333707,5243.939566906531,4.2756,9298.997557808229,0.9,0.31,0.0181233
2,76,20.02,328.4607760473743,338.24005318438776,6613.491224371192,2236947.6234657937,152242.92006889702,4876512.800164873,1.11,168.98964127647568,5412.929208183006,4.2756,9564.29325889035,1.0,0.42,0.0172603
2,77,19.78333333333333,338.24005318438776,348.31048916987424,6605.504801783887,2300766.608723299,156586.33364260558,5033099.1338074785,1.11,173.81083034329222,5586.740038526298,4.3570400000000005,10024.532144871762,1.0,0.42,0.0172603
2,78,22.2275,348.31048916987424,360.93704970888945,6597.907674034506,2381429.330117656,177159.02887169406,5210258.162679172,1.11,196.64652204758042,5783.386560573878,4.31632,10279.01104617344,1.1,0.51,0.0164384
2,79,23.672857142857143,360.93704970888945,373.2405741728544,6591.058848494372,2460050.589019112,166700.05310823594,5376958.215787408,1.11,185.03705895014193,5968.42361952402,4.19416,10317.8457784404,1.0,0.48,0.0148356
2,80,25.585,373.2405741728544,388.1197130290038,6584.559082638917,2555597.1815763367,206644.24947760542,5583602.465265013,1.11,229.37511692014203,6197.798736444162,4.265420000000001,10900.695330239341,1.2,0.56,0.0140938
2,81,24.661666666666665,388.1197130290038,401.34983276331985,6577.72411333597,2639968.472850648,178891.80271034362,5762494.267975356,1.11,198.56990100848145,6396.368637452644,5.00856,13222.440494380842,1.0,0.48,0.0148356
2,82,25.90571428571429,401.34983276331985,415.60955028366493,6571.237497515777,2731069.061149688,221757.35171945445,5984251.619694811,1.11,246.15066040859446,6642.519297861239,5.09,13901.141521251911,1.2,0.5,0.0140938
2,83,26.495,415.60955028366493,431.8769674375776,6565.081163871802,2835307.3440345163,248527.28456462163,6232778.904259433,1.11,275.86528586673,6918.384583727969,4.77442,13536.948089505277,1.3,0.55,0.0133891
2,84,25.8525,431.8769674375776,447.2212956432276,6558.607015883126,2933148.7272580145,238165.81689889941,6470944.721158332,1.11,264.36405675777837,7182.748640485747,4.90676,14392.256848960535,1.2,0.5,0.0140938
2,85,27.445,447.2212956432276,459.89476406900906,6552.769597810932,3013584.428183834,205320.41090806105,6676265.132066393,1.11,227.9056561079478,7410.654296593695,4.87622,14694.900660398574,1.0,0.4,0.0127197
2,86,26.366000000000003,459.89476406900906,475.9029410376672,6546.630566014947,3115560.740253601,253141.0919674421,6929406.224033835,1.11,280.98661208386073,7691.640908677556,4.8864,15223.876001175197,1.2,0.49,0.0133891
2,87,26.37333333333333,475.9029410376672,492.46833620031504,6540.497285636105,3220987.8161798893,261707.1021813025,7191113.326215138,1.11,290.4948834212458,7982.135792098801,4.85586,15640.665897075276,1.2,0.49,0.0133891
2,88,26.8625,492.46833620031504,509.61034540173375,6534.369751286127,3329982.4259355646,270562.9765591107,7461676.302774249,1.11,300.3249039806129,8282.460696079414,5.18162,17254.703537876238,1.2,0.49,0.0133891
2,89,25.736,509.61034540173375,524.051810253293,6527.925889325157,3420971.379500186,233098.7698154895,7694775.072589738,1.11,258.7396344951934,8541.200330574608,5.1409,17586.871764872507,1.0,0.4,0.0140938
2,90,24.72,524.051810253293,537.776344306847,6521.149706971036,3506920.0500925505,215521.19690851172,7910296.26949825,1.11,239.228528568448,8780.428859143056,5.2427,18385.729746620218,0.9,0.37,0.0148356
2,91,24.715,537.776344306847,551.8603138805191,6514.380558496905,3595028.0997492536,220935.9631558307,8131232.232654081,1.11,245.23891910297206,9025.667778246028,5.18162,18628.069502222726,0.9,0.37,0.0148356
2,92,24.5025,551.8603138805191,566.313132327988,6507.618436601388,3685349.780827096,226486.770284203,8357719.002938284,1.11,251.40031501546537,9277.068093261494,5.11036,18833.464105947558,0.9,0.37,0.0148356
2,93,23.59,566.313132327988,581.1444595317881,6500.863333990685,3777940.7087220345,232177.03619210707,8589896.039130392,1.11,257.7165101732389,9534.784603434733,4.96784,18768.20497041767,0.9,0.37,0.0148356
2,94,22.61,581.1444595317881,594.7025318509699,6493.760256666714,3861855.665872899,211564.67968843394,8801460.718818825,1.11,234.83679445416172,9769.621397888895,5.00856,19342.335813864363,0.8,0.33,0.0156164
2,95,22.0175,594.7025318509699,608.5769133459464,6486.664940420753,3947634.527350629,216263.9172888823,9017724.636107707,1.11,240.05294819065938,10009.674346079555,7.90986,31225.23644250965,0.8,0.33,0.0156164
2,96,21.0775,608.5769133459464,622.7749834945915,6479.57737677277,4035318.6938715903,221067.53353163524,9238792.169639343,1.11,245.38496222011514,10255.059308299671,7.57392,30563.180961887912,0.8,0.33,0.0156164
2,97,20.8,622.7749834945915,632.8711106181988,6472.143704148707,4096032.7741251756,197730.6159997079,9436522.785639051,1.11,219.4809837596758,10474.540292059346,7.970940000000001,32649.231480585324,0.7,0.23,0.0163973
3,98,18.98333333333333,30.0,32.23099595447788,7090.547736024998,228535.41539485403,25347.000000000004,25347.000000000004,1.1299800000000002,28.641603060000012,28.641603060000012,0.0,0.0,1.7,1.03,0.0190295
3,99,16.6075,32.23099595447788,33.985278831029675,7080.636391967064,240637.4020821366,23996.21861645967,49343.21861645968,1.1299800000000002,27.115247112227106,55.75685017222712,0.0,0.0,1.5,0.76,0.0199809
3,100,15.91,33.985278831029675,35.83504459043465,7070.738902232475,253380.24384882167,25266.92721862434,74610.14583508403,1.1299800000000002,28.551122418501137,84.30797259072826,0.0,0.0,1.5,0.76,0.0199809
3,101,15.88,35.83504459043465,37.78549021719275,7060.855247455314,266797.8768777369,26604.925604126278,101215.0714392103,1.1299800000000002,30.06303383415062,114.37100642487887,0.0,0.0,1.5,0.76,0.0199809
3,102,14.815,37.78549021719275,38.42487531181018,7050.492199765868,270914.28366289375,14940.681105153264,116155.75254436355,1.1299800000000002,16.882670835201086,131.25367726007997,0.0,0.0,0.8,0.24,0.02098
3,103,15.125,38.42487531181018,40.51628138838168,7040.636846333209,285260.4236194445,28445.999784603842,144601.75232896738,1.1299800000000002,32.143410836606655,163.39708809668662,0.0,0.0,1.5,0.76,0.0199809
3,104,14.876666666666669,40.51628138838168,41.20187541561676,7030.303472705571,289661.6878163928,15974.58372268889,160576.33605165628,1.1299800000000002,18.050960114963996,181.44804821165062,0.0,0.0,0.8,0.24,0.02098
3,105,14.868,41.20187541561676,41.89907068447801,7019.985265122264,294130.8588273518,16221.054517717997,176797.39056937429,1.1299800000000002,18.329467183930987,199.7775153955816,0.0,0.0,0.8,0.24,0.02098
3,106,14.7,41.89907068447801,42.60806350473757,7009.682201324448,298668.98438206076,16471.328094331704,193268.71866370598,1.1299800000000002,18.612271320032942,218.38978671561452,0.0,0.0,0.8,0.24,0.02098
3,107,14.503333333333332,42.60806350473757,43.3290535080126,6999.394259085954,303277.1283756115,16725.463125395403,209994.1817891014,1.1299800000000002,18.899438822434302,237.2892255380488,0.0,0.0,0.8,0.24,0.02098
3,108,14.1925,43.3290535080126,44.062243703975675,6989.121416213232,307956.37111786305,16983.519189034243,226977.70097813563,1.1299800000000002,19.191037013224918,256.4802625512737,0.0,0.0,0.8,0.24,0.02098
3,109,13.435,44.062243703975675,44.8078405375164,6978.863650545305,312707.8095867036,17245.556782600328,244223.25776073596,1.1299800000000002,19.487134253202722,275.96739680447644,0.0,0.0,0.8,0.24,0.02098
3,110,13.996666666666668,44.8078405375164,45.56605394687021,6968.620939953722,317532.55768522073,17511.6373368554,261734.89509759136,1.1299800000000002,19.78779995789987,295.75519676237633,0.0,0.0,0.8,0.24,0.02098
3,111,13.95,45.56605394687021,46.33709742273086,6958.393262342509,322431.74650283885,17781.82323037236,279516.7183279637,1.1299800000000002,20.093104613856163,315.8483013762325,0.0,0.0,0.8,0.24,0.02098
3,112,14.14,46.33709742273086,47.12118806836311,6948.180595648121,327406.52458048635,18056.177804158975,297572.8961321227,1.1299800000000002,20.40311979514356,336.251421171376,0.0,0.0,0.8,0.24,0.02098
3,113,14.104285714285714,47.12118806836311,47.918546660732716,6937.9829178393975,332458.05817985366,18334.765376507235,315907.66150863,1.1299800000000002,20.71791818014565,356.9693393515217,0.0,0.0,0.8,0.24,0.02098
3,114,13.955,47.918546660732716,48.72939771267068,6927.800206917509,337587.53155680554,18617.651258071804,334525.3127667018,1.1299800000000002,21.037573568595985,378.00691292011766,0.0,0.0,0.8,0.24,0.02098
3,115,13.8175,48.72939771267068,49.38120459836464,6917.632440915916,341601.0229011534,16541.78904628347,351067.10181298526,1.1299800000000002,18.691890786519398,396.6988037066371,0.0,0.0,0.7,0.19,0.02098
4,116,14.205,30.0,30.507643350086674,7089.579500497254,216286.36290325585,11928.0,11928.0,1.14014982,13.599707052960001,13.599707052960001,0.0,0.0,0.8,0.24,0.02098
4,117,14.23,30.507643350086674,31.023876759202924,7079.174294911393,219623.43088224833,12112.03632258233,24040.03632258233,1.14014982,13.809536033025704,27.409243085985707,0.0,0.0,0.8,0.24,0.02098
4,118,14.245,31.023876759202924,31.548845583560187,7068.784360795904,223011.98626223518,12298.912129405906,36338.94845198824,1.14014982,14.02260245053796,41.43184553652367,0.0,0.0,0.8,0.24,0.02098
4,119,15.4,31.548845583560187,33.266000078580596,7058.903438125398,234821.48232737233,23416.258557534693,59755.20700952293,1.14014982,26.69804297944664,68.12988851597031,0.0,0.0,1.5,0.76,0.0199809
4,120,15.510000000000002,33.266000078580596,35.07661661651345,7049.0363272544655,247256.3447669809,24656.255644374094,84411.46265389702,1.14014982,28.11182543480711,96.24171395077741,0.0,0.0,1.5,0.76,0.0199809
4,121,16.3,35.07661661651345,36.98578219069027,7039.18300887663,260349.68956671882,25961.916200532996,110373.37885443002,1.14014982,29.60047408289278,125.8421880336702,0.0,0.0,1.5,0.76,0.0199809
4,122,17.673333333333336,36.98578219069027,39.736286538711276,7029.811710852932,279338.6124556403,30981.613058439543,141354.99191286956,1.14014982,35.323680551889495,161.16586858555968,0.0,0.0,1.7,1.03,0.0190295
4,123,17.419999999999998,39.736286538711276,42.69133635583924,7020.452888883137,299712.5156496333,33241.29488222119,174596.28679509077,1.14014982,37.90005637653141,199.0659249620911,0.0,0.0,1.7,1.03,0.0190295
4,124,20.065,42.69133635583924,46.990033845910126,7011.551365633155,329473.0359834393,39861.764581401236,214458.05137649202,1.14014982,45.448383712367,244.51430867445808,0.0,0.0,1.9,1.38,0.0181233
4,125,19.130000000000003,46.990033845910126,51.72157794347809,7002.661128993513,362188.6833950022,43819.913785797435,258277.96516228945,1.14014982,49.96126681529246,294.47557548975055,0.0,0.0,1.9,1.38,0.0181233
4,126,20.80666666666667,51.72157794347809,55.95408738129007,6993.78216465345,391330.6983667272,40565.13254024025,298843.0977025297,1.14014982,46.250328564031065,340.7259040537816,0.0,0.0,1.6,1.13,0.0181233
5,127,21.598000000000003,30.0,33.59500683393349,7091.426071579121,238236.50733703468,29820.0,29820.0,1.14014982,33.9992676324,33.9992676324,0.0,0.0,2.0,1.63,0.0172603
5,128,20.493333333333336,33.59500683393349,36.97777214144749,7082.434558488612,261892.65131050514,31685.455475825616,61505.45547582561,1.14014982,36.12616635738059,70.12543398978059,0.0,0.0,1.9,1.38,0.0181233
5,129,21.44666666666667,36.97777214144749,41.408950259852126,7073.881842016775,292922.0213401438,36664.97118347073,98170.42665929634,1.14014982,41.803560295139334,111.92899428491992,0.0,0.0,2.0,1.63,0.0172603
5,130,21.835,41.408950259852126,46.37113223219147,7065.339453767309,327627.79007596336,41009.08298762013,139179.50964691647,1.14014982,46.756498586700154,158.68549287162008,0.0,0.0,2.0,1.63,0.0172603
5,131,25.093333333333334,46.37113223219147,53.706066221025544,7057.63887984591,379038.021045089,59628.25779382534,198807.76744074182,1.14014982,67.98514739054356,226.67064026216366,0.0,0.0,2.6,2.12,0.0155774
5,132,25.935,53.706066221025544,60.849608590286,7049.9466988459135,428986.4972071528,61025.12138825933,259832.88882900117,1.14014982,69.57778116630202,296.2484214284657,0.0,0.0,2.3,1.8,0.0155774
5,133,25.4225,60.849608590286,67.34754899219024,7042.2629016198025,474279.14578272344,60058.109609001396,319890.99843800254,1.14014982,68.47524286024321,364.7236642887089,0.0,0.0,2.0,1.46,0.0155774
5,134,25.216,67.34754899219024,74.53938423491421,7034.58747903003,524353.8190335359,66399.0804095813,386290.07884758385,1.14014982,75.70489957714963,440.42856386585856,0.0,0.0,2.0,1.46,0.0155774
5,135,26.67,74.53938423491421,83.41422800475554,7027.303619377452,586177.1063653947,88091.44159763404,474381.5204452179,1.14014982,100.43744128108297,540.8660051469416,0.0,0.0,2.4,1.62,0.0147985
5,136,27.345,83.41422800475554,89.80389886058131,7020.390951850385,630458.4790017122,69755.07565748197,544136.5961026999,1.14014982,79.53123695496444,620.397242101906,0.0,0.0,1.7,1.06,0.0140586
5,137,26.4,89.80389886058131,99.32522366096363,7013.121791782089,696579.890530334,97090.60576626369,641227.2018689635,1.14014982,110.69783668809652,731.0950787900026,0.0,0.0,2.2,1.45,0.0147985
5,138,27.39333333333333,99.32522366096363,106.93370367757007,7006.223074735091,749201.382172676,82893.00697310975,724120.2088420733,1.14014982,94.51044697964983,825.6055257696524,0.0,0.0,1.7,1.06,0.0140586
5,139,27.41142857142857,106.93370367757007,113.93418556266391,6999.331143866676,797463.0933598386,83910.55480333972,808030.7636454131,1.14014982,95.67060395512792,921.2761297247804,0.0,0.0,1.6,0.91,0.0140586
5,140,27.326666666666668,113.93418556266391,121.39295837884993,6992.445992501367,848833.7053340744,89315.86645630191,897346.630101715,1.14014982,101.83346906329668,1023.109598788077,0.0,0.0,1.6,0.91,0.0140586
5,141,26.0625,121.39295837884993,132.42156573899592,6985.205767628276,924991.8847584012,124778.55468410895,1022125.1847858239,1.14014982,142.26624666294697,1165.375845451024,0.0,0.0,2.1,1.25,0.0147985
5,142,25.37,132.42156573899592,143.1588315957364,6977.592532097019,998903.994246145,116548.97747955857,1138674.1622653825,1.14014982,132.88329569450275,1298.2591411455267,0.0,0.0,1.8,1.12,0.0155774
5,143,25.338,143.1588315957364,154.7667175620862,6969.987594296307,1078722.1014177012,125861.90327501428,1264536.0655403968,1.14014982,143.50142636386494,1441.7605675093916,0.0,0.0,1.8,1.12,0.0155774
5,144,24.746666666666663,154.7667175620862,163.64445592768547,6962.37193491603,1139353.5672555205,105714.76593893471,1370250.8314793315,1.14014982,120.53067135661853,1562.2912388660102,0.0,0.0,1.4,0.8,0.0156164
5,145,20.676666666666662,163.64445592768547,170.5237809758449,6953.964205534409,1185816.2690984148,95705.69964946373,1465956.5311287951,1.14014982,109.11883622831013,1671.4100750943203,0.0,0.0,1.2,0.59,0.0172603
5,146,19.645,170.5237809758449,177.6923007471005,6945.566629289394,1234173.714350716,99608.56660426685,1565565.097733062,1.14014982,113.56868928431285,1784.978764378633,0.0,0.0,1.2,0.59,0.0172603
5,147,19.918333333333333,177.6923007471005,185.16217247886746,6937.179193920102,1284503.1704214446,103670.59200546014,1669235.689738522,1.14014982,118.20000681431883,1903.178771192952,0.0,0.0,1.2,0.59,0.0172603
5,148,19.546666666666667,185.16217247886746,192.94606447743521,6928.801887180457,1336885.0556752952,107898.26631540136,1777133.9560539233,1.14014982,123.02018891781692,2026.198960110769,0.0,0.0,1.2,0.59,0.0172603
5,149,19.176,192.94606447743521,201.05717760240384,6920.43469683917,1391403.0679282309,112298.34467672481,1889432.3007306482,1.14014982,128.03693746946576,2154.2358975802345,0.0,0.0,1.2,0.59,0.0172603
5,150,18.75,201.05717760240384,206.754785960825,6911.659990801124,1429018.782032084,97398.21475497616,1986830.5154856243,1.14014982,111.0485570212074,2265.2844546014417,0.0,0.0,1.0,0.4,0.0181233
5,151,18.563333333333333,206.754785960825,212.61385456350635,6902.896410576618,1467651.4135052871,100031.31474224589,2086861.8302278703,1.14014982,114.05068549773499,2379.3351400991764,0.0,0.0,1.0,0.4,0.0181233
5,152,18.21,212.61385456350635,218.63895891105037,6894.143942058772,1507328.4540746547,102735.5989453701,2189597.4291732404,1.14014982,117.1339746451559,2496.4691147443323,0.0,0.0,1.0,0.4,0.0181233
5,153,17.593333333333334,218.63895891105037,224.8348041657348,6885.402571158593,1548078.138688689,105512.99178522584,2295110.4209584664,1.14014982,120.30061859158671,2616.7697333359188,0.0,0.0,1.0,0.4,0.0181233
5,154,16.75,224.8348041657348,229.59904193864747,6876.236001767501,1578777.198149854,97528.9227373874,2392639.343695854,1.14014982,111.19758370382615,2727.967317039745,0.0,0.0,0.9,0.3,0.0190295
5,155,15.6,229.59904193864747,234.46423366146604,6867.081635874104,1610085.0332459484,99462.9634834408,2492102.3071792945,1.14014982,113.4026799123116,2841.3699969520567,0.0,0.0,0.9,0.3,0.0190295
5,156,15.14,234.46423366146604,239.43251854312325,6857.939457231826,1642013.7162612758,101435.35709449474,2593537.664273789,1.14014982,115.6515041329239,2957.0215010849806,0.0,0.0,0.9,0.3,0.0190295
5,157,14.656,239.43251854312325,240.94502227170705,6848.353258813929,1650076.6284694397,57470.48006914465,2651008.144342934,1.14014982,65.52495750614885,3022.5464585911295,0.0,0.0,0.5,0.09,0.0199809
5,158,14.06,240.94502227170705,242.46708054009562,6838.780460222712,1658179.1326448524,57752.681996430394,2708760.826339364,1.14014982,65.84670998274736,3088.3931685738767,0.0,0.0,0.5,0.09,0.0199809
5,159,13.39,242.46708054009562,243.99875370465648,6829.221042727562,1666321.4231991398,58036.26964256984,2766797.095981934,1.14014982,66.17004238644746,3154.5632109603243,0.0,0.0,0.5,0.09,0.0199809
5,160,13.105,243.99875370465648,245.54010250303043,6819.674987624053,1674503.6954985627,58321.249811969894,2825118.345793904,1.14014982,66.49496247529251,3221.058173435617,0.0,0.0,0.5,0.09,0.0199809
5,161,13.015,245.54010250303043,247.09118805654012,6810.1422762339,1682726.1458687047,58607.629342449705,2883725.9751363536,1.14014982,66.82147804542075,3287.879651481038,0.0,0.0,0.5,0.09,0.0199809
5,162,13.12,247.09118805654012,248.6520718726138,6800.622889904928,1690988.9715991828,58895.41510540467,2942621.3902417584,1.14014982,67.1495969312524,3355.02924841229,0.0,0.0,0.5,0.09,0.0199809
5,163,12.95,248.6520718726138,249.17471141100876,6790.641778997518,1692056.2055772454,35510.76840358284,2978132.158645341,1.14014982,40.48759620340667,3395.5168446156968,0.0,0.0,0.3,0.03,0.02098
5,164,12.735,249.17471141100876,249.69844948071713,6780.675317126902,1693124.1131187573,35533.180317122155,3013665.338962463,1.14014982,40.513149142594365,3436.0299937582913,0.0,0.0,0.3,0.03,0.02098
5,165,12.87,249.69844948071713,250.2232883907319,6770.723482793042,1694192.6946488242,35555.60637549391,3049220.9453379572,1.14014982,40.538718209010234,3476.5687119673016,0.0,0.0,0.3,0.03,0.02098
5,166,13.59,250.2232883907319,251.80395779592516,6761.259197034391,1702511.8254973586,59296.74431270885,3108517.689650666,1.14014982,67.60717235472102,3544.1758843220227,0.0,0.0,0.5,0.09,0.0199809
5,167,13.567,251.80395779592516,253.3946123459248,6751.808140689871,1710871.806444169,59587.91389240755,3168105.6035430734,1.14014982,67.93914929860397,3612.1150336206265,0.0,0.0,0.5,0.09,0.0199809
5,168,13.544,253.3946123459248,254.99531511724544,6742.370295267078,1719272.8380787838,59880.51322554593,3227986.1167686195,1.14014982,68.27275637561381,3680.3877899962404,0.0,0.0,0.5,0.09,0.0199809
5,169,13.382,254.99531511724544,256.60612958485825,6732.945642299457,1727715.121975701,60174.549332757444,3288160.666101377,1.14014982,68.60800159032452,3748.995791586565,0.0,0.0,0.5,0.09,0.0199809
5,170,14.0775,256.60612958485825,258.22711962470805,6723.534163346266,1736198.8606992275,60470.02926914955,3348630.6953705265,1.14014982,68.94489298661559,3817.9406845731805,0.0,0.0,0.5,0.09,0.0199809
5,171,14.41,258.22711962470805,259.8583495162463,6714.135839992538,1744724.2578083368,60766.96012447297,3409397.6554949996,1.14014982,69.28343864786504,3887.2241232210454,0.0,0.0,0.5,0.09,0.0199809
5,172,14.18,259.8583495162463,261.49988394497996,6704.750653849052,1753291.5178615556,61065.34902329179,3470463.0045182914,1.14014982,69.6236466971433,3956.8477699181885,0.0,0.0,0.5,0.09,0.0199809
5,173,13.19,261.49988394497996,263.1517880050368,6695.378586552286,1761900.84642187,61365.20312515445,3531828.207643446,1.14014982,69.96552529740828,4026.813295215597,0.0,0.0,0.5,0.09,0.0199809
5,174,13.753333333333336,263.1517880050368,264.8141272017463,6686.01961976439,1770552.4500616586,61666.52962476546,3593494.7372682113,1.14014982,70.309082651701,4097.122377867298,0.0,0.0,0.5,0.09,0.0199809
5,175,14.829166666666667,264.8141272017463,266.48696745423763,6676.673735173148,1779246.53636765,61969.335752158055,3655464.0730203693,1.14014982,70.65432700334257,4167.776704870641,0.0,0.0,0.5,0.09,0.0199809
5,176,15.905,266.48696745423763,271.5645517096555,6667.785047480215,1810734.0573153088,99637.8060365884,3755101.8790569576,1.14014982,113.60202661781118,4281.378731488452,0.0,0.0,0.8,0.27,0.0190295
5,177,15.8475,271.5645517096555,276.7388831423075,6658.908193339743,1842778.816372001,101401.10720965729,3856502.986266615,1.14014982,115.61245413289146,4396.991185621344,0.0,0.0,0.8,0.27,0.0190295
5,178,17.88,276.7388831423075,283.7884737858273,6650.465087597039,1887325.337175092,128994.51714604007,3985497.503412655,1.14014982,147.0730755050445,4544.064261126388,0.0,0.0,1.0,0.36,0.0181233
5,179,19.192,283.7884737858273,293.4621784737537,6642.434015536953,1949303.1565676376,145324.0509624821,4130821.554375137,1.14014982,165.69119054654482,4709.755451672933,0.0,0.0,1.1,0.48,0.0172603
5,180,20.6975,293.4621784737537,303.46563778892346,6634.412641763766,2013316.263687738,150096.34305570813,4280917.897430846,1.14014982,171.13231851762387,4880.887770190558,4.4478168924,8954.862087373973,1.1,0.48,0.0172603
5,181,22.86,303.46563778892346,314.4665331572623,6626.782266509482,2083901.2453372618,155025.35230395585,4435943.249734801,1.14014982,176.75212752479186,5057.639897715349,4.53253721416,9445.359945125509,1.1,0.51,0.0164384
5,182,23.8525,314.4665331572623,327.23035515426034,6619.541605626485,2166114.9505675575,175047.70460833,4610990.954343131,1.14014982,199.58060890060062,5257.22050661595,4.49017705328,9726.239645805188,1.2,0.57,0.0156164
5,183,23.15,327.23035515426034,340.5122454822041,6612.308856150248,2251572.1364295855,181953.65584767485,4792944.610190806,1.14014982,207.4544279630684,5464.674934579019,4.36309657064,9823.826667004501,1.2,0.57,0.0156164
5,184,23.355,340.5122454822041,354.3332319175379,6605.084009436484,2340400.764150479,189132.0594600852,4982076.669650891,1.14014982,215.63888354964544,5680.313818128664,4.43722685218,10384.889115551096,1.2,0.57,0.0156164
5,185,25.04,354.3332319175379,368.4586344698542,6598.570412683095,2431300.2437103954,196593.66418864022,5178670.333839531,1.14014982,224.1462308378186,5904.460048966483,4.373686610859999,10633.745322896808,1.2,0.56,0.0140938
5,186,23.831666666666667,368.4586344698542,381.01855267945695,6591.720899200418,2511567.956680272,170191.0170597277,5348861.350899259,1.14014982,194.04325746626546,6098.503306432748,4.4478168924,11170.994384133064,1.0,0.48,0.0148356
5,187,26.526,381.01855267945695,397.86552931950564,6585.545375464017,2620161.4966666135,263714.63545142853,5612575.986350687,1.14014982,300.67419414131183,6399.17750057406,4.140705726019999,10849.317712344577,1.5,0.62,0.0133891
5,188,25.732,397.86552931950564,413.72633563709184,6579.0510467142785,2721926.681526472,220093.56571999556,5832669.552070683,1.14014982,250.9396393388111,6650.117139912872,5.10439938604,13893.800882029616,1.2,0.56,0.0140938
5,189,25.8,413.72633563709184,428.4257828407773,6572.56312234011,2815855.5009589847,228641.84124822365,6061311.393318906,1.14014982,260.68595414363074,6910.803094056502,5.07262926538,14283.791021245806,1.2,0.5,0.0140938
5,190,26.30666666666667,428.4257828407773,445.19484150221984,6566.405546770438,2923329.8766337624,256242.85058726766,6317554.243906174,1.14014982,292.1552399733601,7202.958334029862,5.083219305599999,14859.926865542006,1.3,0.55,0.0133891
5,191,25.538,445.19484150221984,461.01234574191926,6559.9300927429385,3024208.759958428,245559.70963723605,6563113.95354341,1.14014982,279.9748587421469,7482.9331927720095,5.051449184939999,15276.636875580407,1.2,0.5,0.0140938
5,192,25.700000000000003,461.01234574191926,475.4003357144074,6553.46102447772,3115517.571127992,232864.074516799,6795978.028060209,1.14014982,265.49993264479497,7748.433125416805,5.39033047198,16793.669299640333,1.1,0.44,0.0140938
5,193,25.7325,475.4003357144074,490.2373684454257,6546.998335677469,3209583.2352991044,239894.8529768554,7035872.881037065,1.14014982,273.5160734404882,8021.949198857293,5.347970311099999,17164.755853383893,1.1,0.44,0.0140938
5,194,26.435,490.2373684454257,507.30172134496434,6540.864710749712,3318191.926847861,269604.9917651248,7305477.87280219,1.14014982,307.39008283210853,8329.339281689401,5.4538707133,18096.989770944045,1.2,0.49,0.0133891
5,195,25.765,507.30172134496434,521.677763833198,6534.414443791195,3408858.7149963407,232273.43487935027,7537751.30768154,1.14014982,264.8265149684729,8594.165796657873,5.39033047198,18374.87500611936,1.0,0.4,0.0140938
5,196,24.33,521.677763833198,535.340123345419,6527.631526123434,3494503.0663483646,214758.09904476945,7752509.406726309,1.14014982,244.85640796943605,8839.022204627308,5.316200190439999,18577.477866814337,0.9,0.37,0.0148356
5,197,23.83,535.340123345419,549.3602900719433,6520.855649327122,3582299.1510316175,220153.69317994697,7972663.099906256,1.14014982,251.00819365145176,9090.030398278761,5.167939627359999,18513.10573967438,0.9,0.37,0.0148356
5,198,23.266,549.3602900719433,563.7476347223101,6514.086806093622,3672301.0293110865,225684.84651499192,8198347.946421248,1.14014982,257.31453713079566,9347.344935409557,5.21029978824,19133.78927537309,0.9,0.37,0.0148356
5,199,21.96333333333333,563.7476347223101,576.8998399545354,6506.969280327958,3753869.5364102772,205648.85764142085,8403996.804062668,1.14014982,234.4705080230716,9581.81544343263,5.21029978824,19558.785650639056,0.8,0.33,0.0156164
5,200,21.518,576.8998399545354,590.3588855029171,6499.8595314271915,3837249.82889887,210216.69403897555,8614213.498101644,1.14014982,239.67852586953305,9821.493969302162,4.94554878274,18977.30622038008,0.8,0.33,0.0156164
5,201,20.91333333333333,590.3588855029171,599.9294985085058,6492.402590171698,3894983.830037031,188025.2416160446,8802238.739717688,1.14014982,214.37694538398978,10035.870914686153,4.468996972839999,17406.670945696238,0.7,0.23,0.0163973
5,202,18.916,599.9294985085058,607.9541857899801,6484.58200640779,3942328.7738940036,163589.32086155532,8965828.060579244,1.14014982,186.51633473422453,10222.387249420377,8.23905129116,32481.0489747286,0.6,0.19,0.0172171
5,203,18.616666666666667,607.9541857899801,616.0862116939517,6476.770843121057,3990249.2127482933,165577.80850354815,9131405.869082792,1.14014982,188.78350856131487,10411.170757981692,8.3661317738,33382.950724153925,0.6,0.19,0.0172171
6,204,17.506666666666664,30.0,32.23099595447788,7090.547736024998,228535.41539485403,25347.000000000004,25347.000000000004,1.17549446442,29.795258189653747,29.795258189653747,0.0,0.0,1.7,1.03,0.0190295
6,205,16.430000000000003,32.23099595447788,33.985278831029675,7080.636391967064,240637.4020821366,23996.21861645967,49343.21861645968,1.17549446442,28.207422150660495,58.00268034031424,0.0,0.0,1.5,0.76,0.0199809
6,206,15.71,33.985278831029675,35.83504459043465,7070.738902232475,253380.24384882167,25266.92721862434,74610.14583508403,1.17549446442,29.701133078395937,87.70381341871018,0.0,0.0,1.5,0.76,0.0199809
6,207,15.13,35.83504459043465,37.78549021719275,7060.855247455314,266797.8768777369,26604.925604126278,101215.0714392103,1.17549446442,31.273942773956367,118.97775619266655,0.0,0.0,1.5,0.76,0.0199809
6,208,14.63,37.78549021719275,38.42487531181018,7050.492199765868,270914.28366289375,14940.681105153264,116155.75254436355,1.17549446442,17.56268793377215,136.5404441264387,0.0,0.0,0.8,0.24,0.02098
